Traffik,Bandwith,Throughput,Link Utilization,Jitter,Packet Los,Packet Loss
400,1000,412,0.412,0.25,0/35,0
400,1000,400,0.4,0.179,0/34,0
400,1000,400,0.4,0.236,0/34,0
400,1000,400,0.4,0.312,0/34,0
400,1000,400,0.4,0.26,0/34,0
400,1000,400,0.4,0.17,0/34,0
400,1000,400,0.4,0.214,0/34,0
400,1000,400,0.4,0.196,0/34,0
400,1000,400,0.4,0.187,0/34,0
400,1000,400,0.4,0.181,0/34,0
400,1000,400,0.4,0.26,0/34,0
400,1000,400,0.4,0.21,0/34,0
400,1000,400,0.4,0.175,0/34,0
400,1000,400,0.4,0.197,0/34,0
400,1000,400,0.4,0.187,0/34,0
400,1000,400,0.4,0.13,0/34,0
400,1000,400,0.4,0.206,0/34,0
400,1000,400,0.4,0.156,0/34,0
400,1000,400,0.4,0.119,0/34,0
400,1000,400,0.4,0.156,0/34,0
400,1000,400,0.4,0.194,0/34,0
400,1000,400,0.4,0.147,0/34,0
400,1000,400,0.4,0.189,0/34,0
400,1000,400,0.4,0.19,0/34,0
400,1000,400,0.4,0.22,0/34,0
400,1000,400,0.4,0.138,0/34,0
400,1000,400,0.4,0.154,0/34,0
400,1000,400,0.4,0.141,0/34,0
400,1000,412,0.412,0.289,0/35,0
400,1000,400,0.4,0.226,0/34,0
400,1000,400,0.4,0.221,0/34,0
400,1000,400,0.4,0.13,0/34,0
400,1000,400,0.4,0.159,0/34,0
400,1000,400,0.4,0.142,0/34,0
400,1000,400,0.4,0.154,0/34,0
400,1000,400,0.4,0.205,0/34,0
400,1000,400,0.4,0.179,0/34,0
400,1000,400,0.4,0.171,0/34,0
400,1000,400,0.4,0.195,0/34,0
400,1000,400,0.4,0.153,0/34,0
400,1000,400,0.4,0.182,0/34,0
400,1000,400,0.4,0.183,0/34,0
400,1000,400,0.4,0.216,0/34,0
400,1000,400,0.4,0.2,0/34,0
400,1000,400,0.4,0.149,0/34,0
400,1000,400,0.4,0.17,0/34,0
400,1000,400,0.4,0.218,0/34,0
400,1000,400,0.4,0.217,0/34,0
400,1000,400,0.4,0.194,0/34,0
400,1000,400,0.4,0.168,0/34,0
400,1000,400,0.4,0.203,0/34,0
400,1000,400,0.4,0.182,0/34,0
400,1000,400,0.4,0.156,0/34,0
400,1000,400,0.4,0.254,0/34,0
400,1000,400,0.4,0.121,0/34,0
400,1000,400,0.4,0.138,0/34,0
400,1000,400,0.4,0.191,0/34,0
400,1000,400,0.4,0.182,0/34,0
400,1000,400,0.4,0.094,0/34,0
400,1000,400,0.4,0.194,0/34,0
800,1000,811,0.811,0.193,0/69,0
800,1000,800,0.8,0.183,0/68,0
800,1000,800,0.8,0.247,0/68,0
800,1000,800,0.8,0.23,0/68,0
800,1000,800,0.8,0.178,0/68,0
800,1000,800,0.8,0.231,0/68,0
800,1000,800,0.8,0.209,0/68,0
800,1000,800,0.8,0.188,0/68,0
800,1000,811,0.811,0.129,0/69,0
800,1000,800,0.8,0.223,0/68,0
800,1000,800,0.8,0.149,0/68,0
800,1000,800,0.8,0.204,0/68,0
800,1000,800,0.8,0.185,0/68,0
800,1000,800,0.8,0.145,0/68,0
800,1000,800,0.8,0.139,0/68,0
800,1000,800,0.8,0.321,0/68,0
800,1000,800,0.8,0.198,0/68,0
800,1000,800,0.8,0.161,0/68,0
800,1000,800,0.8,0.142,0/68,0
800,1000,800,0.8,0.168,0/68,0
800,1000,800,0.8,0.142,0/68,0
800,1000,800,0.8,0.199,0/68,0
800,1000,800,0.8,0.204,0/68,0
800,1000,800,0.8,0.246,0/68,0
800,1000,800,0.8,0.177,0/68,0
800,1000,800,0.8,0.194,0/68,0
800,1000,800,0.8,0.206,0/68,0
800,1000,800,0.8,0.185,0/68,0
800,1000,800,0.8,0.285,0/68,0
800,1000,800,0.8,0.167,0/68,0
800,1000,800,0.8,0.225,0/68,0
800,1000,800,0.8,0.229,0/68,0
800,1000,800,0.8,0.176,0/68,0
800,1000,800,0.8,0.269,0/68,0
800,1000,800,0.8,0.222,0/68,0
800,1000,800,0.8,0.237,0/68,0
800,1000,800,0.8,0.237,0/68,0
800,1000,800,0.8,0.167,0/68,0
800,1000,800,0.8,0.183,0/68,0
800,1000,800,0.8,0.208,0/68,0
800,1000,800,0.8,0.197,0/68,0
800,1000,800,0.8,0.147,0/68,0
800,1000,800,0.8,0.194,0/68,0
800,1000,800,0.8,0.166,0/68,0
800,1000,800,0.8,0.096,0/68,0
800,1000,811,0.811,0.193,0/69,0
800,1000,800,0.8,0.252,0/68,0
800,1000,800,0.8,0.233,0/68,0
800,1000,800,0.8,0.204,0/68,0
800,1000,800,0.8,0.17,0/68,0
800,1000,800,0.8,0.182,0/68,0
800,1000,800,0.8,0.226,0/68,0
800,1000,800,0.8,0.177,0/68,0
800,1000,800,0.8,0.225,0/68,0
800,1000,800,0.8,0.22,0/68,0
800,1000,800,0.8,0.195,0/68,0
800,1000,800,0.8,0.193,0/68,0
800,1000,800,0.8,0.224,0/68,0
800,1000,800,0.8,0.123,0/68,0
800,1000,800,0.8,0.22,0/68,0
1200,1000,988,0.988,2.288,0/84,0
1200,1000,976,0.976,2.286,0/83,0
1200,1000,964,0.964,2.3,0/82,0
1200,1000,976,0.976,2.608,0/83,0
1200,1000,976,0.976,2.292,0/83,0
1200,1000,964,0.964,2.295,0/82,0
1200,1000,976,0.976,2.292,0/83,0
1200,1000,964,0.964,2.295,0/82,0
1200,1000,976,0.976,2.295,0/83,0
1200,1000,976,0.976,2.293,0/83,0
1200,1000,964,0.964,2.296,0/82,0
1200,1000,976,0.976,2.287,0/83,0
1200,1000,976,0.976,2.297,0/83,0
1200,1000,964,0.964,2.292,0/82,0
1200,1000,976,0.976,2.29,0/83,0
1200,1000,964,0.964,2.297,0/82,0
1200,1000,976,0.976,2.306,0/83,0
1200,1000,976,0.976,2.297,0/83,0
1200,1000,964,0.964,2.289,0/82,0
1200,1000,976,0.976,2.314,0/83,0
1200,1000,964,0.964,2.29,0/82,0
1200,1000,976,0.976,2.293,0/83,0
1200,1000,976,0.976,2.315,0/83,0
1200,1000,964,0.964,2.297,0/82,0
1200,1000,976,0.976,2.296,0/83,0
1200,1000,964,0.964,2.348,0/82,0
1200,1000,976,0.976,2.29,0/83,0
1200,1000,976,0.976,2.308,0/83,0
1200,1000,964,0.964,2.385,0/82,0
1200,1000,976,0.976,2.289,0/83,0
1200,1000,976,0.976,2.29,0/83,0
1200,1000,964,0.964,2.302,0/82,0
1200,1000,976,0.976,2.304,0/83,0
1200,1000,964,0.964,2.29,0/82,0
1200,1000,976,0.976,2.296,0/83,0
1200,1000,976,0.976,2.303,0/83,0
1200,1000,964,0.964,2.291,0/82,0
1200,1000,976,0.976,2.291,0/83,0
1200,1000,964,0.964,2.309,0/82,0
1200,1000,976,0.976,2.304,0/83,0
1200,1000,976,0.976,2.306,0/83,0
1200,1000,964,0.964,2.303,0/82,0
1200,1000,976,0.976,4.77,346/429,81
1200,1000,964,0.964,2.306,0/82,0
1200,1000,976,0.976,2.531,0/83,0
1200,1000,964,0.964,2.293,0/82,0
1200,1000,976,0.976,2.312,0/83,0
1200,1000,976,0.976,2.305,0/83,0
1200,1000,964,0.964,2.285,0/82,0
1200,1000,976,0.976,2.297,0/83,0
1200,1000,964,0.964,2.307,0/82,0
1200,1000,976,0.976,2.295,0/83,0
1200,1000,976,0.976,2.297,0/83,0
1200,1000,964,0.964,2.334,0/82,0
1200,1000,976,0.976,2.294,0/83,0
1200,1000,976,0.976,2.288,0/83,0
1200,1000,964,0.964,2.347,0/82,0
1200,1000,976,0.976,2.307,0/83,0
1200,1000,964,0.964,2.287,0/82,0
1200,1000,976,0.976,2.387,0/83,0
1600,1000,976,0.976,4.767,0/83,0
1600,1000,964,0.964,4.749,0/82,0
1600,1000,976,0.976,4.751,0/83,0
1600,1000,976,0.976,4.757,0/83,0
1600,1000,964,0.964,4.742,0/82,0
1600,1000,976,0.976,4.736,0/83,0
1600,1000,964,0.964,4.768,0/82,0
1600,1000,976,0.976,4.746,0/83,0
1600,1000,976,0.976,4.751,0/83,0
1600,1000,964,0.964,4.756,0/82,0
1600,1000,976,0.976,4.774,0/83,0
1600,1000,964,0.964,4.748,0/82,0
1600,1000,976,0.976,4.767,0/83,0
1600,1000,976,0.976,4.754,0/83,0
1600,1000,964,0.964,4.744,0/82,0
1600,1000,976,0.976,4.778,0/83,0
1600,1000,964,0.964,4.737,0/82,0
1600,1000,976,0.976,4.753,0/83,0
1600,1000,976,0.976,4.836,0/83,0
1600,1000,964,0.964,4.741,0/82,0
1600,1000,976,0.976,4.749,0/83,0
1600,1000,964,0.964,4.88,0/82,0
1600,1000,976,0.976,4.758,0/83,0
1600,1000,976,0.976,4.741,0/83,0
1600,1000,964,0.964,4.746,0/82,0
1600,1000,976,0.976,4.739,0/83,0
1600,1000,976,0.976,4.752,0/83,0
1600,1000,964,0.964,4.75,0/82,0
1600,1000,976,0.976,4.75,0/83,0
1600,1000,964,0.964,3.978,8/90,8.9
1600,1000,976,0.976,3.391,53/136,39
1600,1000,976,0.976,3.355,54/137,39
1600,1000,964,0.964,3.351,53/135,39
1600,1000,976,0.976,3.473,53/136,39
1600,1000,964,0.964,3.4,53/135,39
1600,1000,976,0.976,3.413,54/137,39
1600,1000,976,0.976,3.274,54/137,39
1600,1000,964,0.964,3.303,53/135,39
1600,1000,976,0.976,3.337,53/136,39
1600,1000,976,0.976,3.297,54/137,39
1600,1000,964,0.964,3.304,53/135,39
1600,1000,976,0.976,3.542,53/136,39
1600,1000,964,0.964,3.418,53/135,39
1600,1000,976,0.976,3.311,54/137,39
1600,1000,976,0.976,3.417,53/136,39
1600,1000,964,0.964,3.346,53/135,39
1600,1000,976,0.976,3.251,54/137,39
1600,1000,964,0.964,3.346,53/135,39
1600,1000,976,0.976,3.42,53/136,39
1600,1000,976,0.976,3.406,54/137,39
1600,1000,964,0.964,3.37,53/135,39
1600,1000,976,0.976,3.33,54/137,39
1600,1000,964,0.964,3.427,53/135,39
1600,1000,976,0.976,3.377,53/136,39
1600,1000,976,0.976,3.335,54/137,39
1600,1000,964,0.964,3.335,53/135,39
1600,1000,976,0.976,3.409,53/136,39
1600,1000,976,0.976,3.34,54/137,39
1600,1000,964,0.964,3.325,53/135,39
1600,1000,976,0.976,3.441,53/136,39
2000,1000,976,0.976,6.315,0/83,0
2000,1000,976,0.976,6.215,0/83,0
2000,1000,964,0.964,6.225,0/82,0
2000,1000,976,0.976,6.218,0/83,0
2000,1000,964,0.964,6.211,0/82,0
2000,1000,976,0.976,6.114,0/83,0
2000,1000,976,0.976,6.205,0/83,0
2000,1000,964,0.964,6.226,0/82,0
2000,1000,976,0.976,6.216,0/83,0
2000,1000,976,0.976,6.216,0/83,0
2000,1000,964,0.964,6.222,0/82,0
2000,1000,976,0.976,6.127,0/83,0
2000,1000,964,0.964,6.22,0/82,0
2000,1000,976,0.976,6.234,0/83,0
2000,1000,976,0.976,6.22,0/83,0
2000,1000,964,0.964,98.245,326/408,80
2000,1000,976,0.976,6.665,0/83,0
2000,1000,964,0.964,6.213,0/82,0
2000,1000,976,0.976,6.211,0/83,0
2000,1000,964,0.964,6.239,0/82,0
2000,1000,976,0.976,6.218,0/83,0
2000,1000,976,0.976,6.217,0/83,0
2000,1000,964,0.964,6.243,0/82,0
2000,1000,976,0.976,6.23,0/83,0
2000,1000,976,0.976,6.222,0/83,0
2000,1000,964,0.964,6.253,0/82,0
2000,1000,976,0.976,0.738,69/152,45
2000,1000,964,0.964,0.903,87/169,51
2000,1000,976,0.976,0.721,81/164,49
2000,1000,976,0.976,0.606,88/171,51
2000,1000,964,0.964,0.948,87/169,51
2000,1000,976,0.976,0.936,88/171,51
2000,1000,964,0.964,0.573,86/168,51
2000,1000,976,0.976,0.668,88/171,51
2000,1000,976,0.976,0.971,88/171,51
2000,1000,964,0.964,0.506,86/168,51
2000,1000,976,0.976,0.577,88/171,51
2000,1000,976,0.976,1.135,88/171,51
2000,1000,964,0.964,0.769,87/169,51
2000,1000,976,0.976,0.529,87/170,51
2000,1000,964,0.964,0.637,87/169,51
2000,1000,976,0.976,0.963,88/171,51
2000,1000,976,0.976,1.075,88/171,51
2000,1000,964,0.964,0.564,86/168,51
2000,1000,976,0.976,0.669,88/171,51
2000,1000,964,0.964,0.842,87/169,51
2000,1000,976,0.976,0.539,87/170,51
2000,1000,976,0.976,1.12,88/171,51
2000,1000,964,0.964,1.223,87/169,51
2000,1000,976,0.976,0.845,88/171,51
2000,1000,964,0.964,0.683,86/168,51
2000,1000,976,0.976,1.834,88/171,51
2000,1000,976,0.976,0.9,88/171,51
2000,1000,964,0.964,0.618,86/168,51
2000,1000,976,0.976,0.608,88/171,51
2000,1000,976,0.976,0.66,88/171,51
2000,1000,964,0.964,0.94,87/169,51
2000,1000,976,0.976,1.117,87/170,51
2000,1000,964,0.964,1.003,87/169,51
2000,1000,976,0.976,1.127,90/173,52
400,1000,412,0.412,0.25,0/35,0
400,1000,400,0.4,0.179,0/34,0
400,1000,400,0.4,0.236,0/34,0
400,1000,400,0.4,0.312,0/34,0
400,1000,400,0.4,0.26,0/34,0
400,1000,400,0.4,0.17,0/34,0
400,1000,400,0.4,0.214,0/34,0
400,1000,400,0.4,0.196,0/34,0
400,1000,400,0.4,0.187,0/34,0
400,1000,400,0.4,0.181,0/34,0
400,1000,400,0.4,0.26,0/34,0
400,1000,400,0.4,0.21,0/34,0
400,1000,400,0.4,0.175,0/34,0
400,1000,400,0.4,0.197,0/34,0
400,1000,400,0.4,0.187,0/34,0
400,1000,400,0.4,0.13,0/34,0
400,1000,400,0.4,0.206,0/34,0
400,1000,400,0.4,0.156,0/34,0
400,1000,400,0.4,0.119,0/34,0
400,1000,400,0.4,0.156,0/34,0
400,1000,400,0.4,0.194,0/34,0
400,1000,400,0.4,0.147,0/34,0
400,1000,400,0.4,0.189,0/34,0
400,1000,400,0.4,0.19,0/34,0
400,1000,400,0.4,0.22,0/34,0
400,1000,400,0.4,0.138,0/34,0
400,1000,400,0.4,0.154,0/34,0
400,1000,400,0.4,0.141,0/34,0
400,1000,412,0.412,0.289,0/35,0
400,1000,400,0.4,0.226,0/34,0
400,1000,400,0.4,0.221,0/34,0
400,1000,400,0.4,0.13,0/34,0
400,1000,400,0.4,0.159,0/34,0
400,1000,400,0.4,0.142,0/34,0
400,1000,400,0.4,0.154,0/34,0
400,1000,400,0.4,0.205,0/34,0
400,1000,400,0.4,0.179,0/34,0
400,1000,400,0.4,0.171,0/34,0
400,1000,400,0.4,0.195,0/34,0
400,1000,400,0.4,0.153,0/34,0
400,1000,400,0.4,0.182,0/34,0
400,1000,400,0.4,0.183,0/34,0
400,1000,400,0.4,0.216,0/34,0
400,1000,400,0.4,0.2,0/34,0
400,1000,400,0.4,0.149,0/34,0
400,1000,400,0.4,0.17,0/34,0
400,1000,400,0.4,0.218,0/34,0
400,1000,400,0.4,0.217,0/34,0
400,1000,400,0.4,0.194,0/34,0
400,1000,400,0.4,0.168,0/34,0
400,1000,400,0.4,0.203,0/34,0
400,1000,400,0.4,0.182,0/34,0
400,1000,400,0.4,0.156,0/34,0
400,1000,400,0.4,0.254,0/34,0
400,1000,400,0.4,0.121,0/34,0
400,1000,400,0.4,0.138,0/34,0
400,1000,400,0.4,0.191,0/34,0
400,1000,400,0.4,0.182,0/34,0
400,1000,400,0.4,0.094,0/34,0
400,1000,400,0.4,0.194,0/34,0
800,1000,811,0.811,0.164,0/69,0
800,1000,800,0.8,0.165,0/68,0
800,1000,800,0.8,0.195,0/68,0
800,1000,800,0.8,0.146,0/68,0
800,1000,800,0.8,0.159,0/68,0
800,1000,800,0.8,0.139,0/68,0
800,1000,800,0.8,0.156,0/68,0
800,1000,800,0.8,0.167,0/68,0
800,1000,800,0.8,0.159,0/68,0
800,1000,800,0.8,0.156,0/68,0
800,1000,800,0.8,0.132,0/68,0
800,1000,800,0.8,0.184,0/68,0
800,1000,800,0.8,0.139,0/68,0
800,1000,800,0.8,0.117,0/68,0
800,1000,800,0.8,0.127,0/68,0
800,1000,800,0.8,0.177,0/68,0
800,1000,800,0.8,0.182,0/68,0
800,1000,800,0.8,0.164,0/68,0
800,1000,811,0.811,0.134,0/69,0
800,1000,800,0.8,0.147,0/68,0
800,1000,800,0.8,0.134,0/68,0
800,1000,800,0.8,0.18,0/68,0
800,1000,800,0.8,0.12,0/68,0
800,1000,800,0.8,0.173,0/68,0
800,1000,800,0.8,0.166,0/68,0
800,1000,800,0.8,0.149,0/68,0
800,1000,800,0.8,0.201,0/68,0
800,1000,800,0.8,0.146,0/68,0
800,1000,800,0.8,0.26,0/68,0
800,1000,800,0.8,0.154,0/68,0
800,1000,800,0.8,0.147,0/68,0
800,1000,800,0.8,0.15,0/68,0
800,1000,800,0.8,0.126,0/68,0
800,1000,800,0.8,0.154,0/68,0
800,1000,800,0.8,0.207,0/68,0
800,1000,800,0.8,0.12,0/68,0
800,1000,800,0.8,0.163,0/68,0
800,1000,800,0.8,0.136,0/68,0
800,1000,800,0.8,0.122,0/68,0
800,1000,800,0.8,0.13,0/68,0
800,1000,800,0.8,0.179,0/68,0
800,1000,800,0.8,0.132,0/68,0
800,1000,800,0.8,0.174,0/68,0
800,1000,800,0.8,0.184,0/68,0
800,1000,800,0.8,0.181,0/68,0
800,1000,800,0.8,0.154,0/68,0
800,1000,800,0.8,0.153,0/68,0
800,1000,800,0.8,0.146,0/68,0
800,1000,800,0.8,0.216,0/68,0
800,1000,800,0.8,0.163,0/68,0
800,1000,800,0.8,0.161,0/68,0
800,1000,800,0.8,0.205,0/68,0
800,1000,800,0.8,0.153,0/68,0
800,1000,800,0.8,0.142,0/68,0
800,1000,800,0.8,0.155,0/68,0
800,1000,811,0.811,0.139,0/69,0
800,1000,800,0.8,0.16,0/68,0
800,1000,800,0.8,0.169,0/68,0
800,1000,800,0.8,0.297,0/68,0
800,1000,800,0.8,0.123,0/68,0
1200,1000,988,0.988,2.299,0/84,0
1200,1000,976,0.976,2.293,0/83,0
1200,1000,976,0.976,2.302,0/83,0
1200,1000,964,0.964,2.295,0/82,0
1200,1000,976,0.976,2.307,0/83,0
1200,1000,976,0.976,2.296,0/83,0
1200,1000,964,0.964,2.308,0/82,0
1200,1000,976,0.976,2.402,0/83,0
1200,1000,964,0.964,2.293,0/82,0
1200,1000,976,0.976,2.322,0/83,0
1200,1000,964,0.964,2.287,0/82,0
1200,1000,976,0.976,2.297,0/83,0
1200,1000,976,0.976,2.324,0/83,0
1200,1000,964,0.964,2.284,0/82,0
1200,1000,976,0.976,2.284,0/83,0
1200,1000,964,0.964,2.348,0/82,0
1200,1000,976,0.976,2.297,0/83,0
1200,1000,976,0.976,2.287,0/83,0
1200,1000,964,0.964,2.39,0/82,0
1200,1000,976,0.976,2.293,0/83,0
1200,1000,976,0.976,2.29,0/83,0
1200,1000,964,0.964,2.298,0/82,0
1200,1000,976,0.976,2.285,0/83,0
1200,1000,964,0.964,2.296,0/82,0
1200,1000,976,0.976,2.289,0/83,0
1200,1000,976,0.976,2.298,0/83,0
1200,1000,964,0.964,2.297,0/82,0
1200,1000,976,0.976,2.288,0/83,0
1200,1000,964,0.964,2.287,0/82,0
1200,1000,976,0.976,2.292,0/83,0
1200,1000,976,0.976,2.313,0/83,0
1200,1000,964,0.964,2.293,0/82,0
1200,1000,976,0.976,2.297,0/83,0
1200,1000,976,0.976,2.284,0/83,0
1200,1000,964,0.964,2.309,0/82,0
1200,1000,976,0.976,2.302,0/83,0
1200,1000,964,0.964,2.299,0/82,0
1200,1000,976,0.976,2.295,0/83,0
1200,1000,976,0.976,2.298,0/83,0
1200,1000,964,0.964,2.285,0/82,0
1200,1000,976,0.976,2.305,0/83,0
1200,1000,964,0.964,2.306,0/82,0
1200,1000,976,0.976,2.303,0/83,0
1200,1000,976,0.976,2.317,0/83,0
1200,1000,964,0.964,2.287,0/82,0
1200,1000,976,0.976,2.285,0/83,0
1200,1000,964,0.964,2.343,0/82,0
1200,1000,976,0.976,2.301,0/83,0
1200,1000,976,0.976,2.297,0/83,0
1200,1000,964,0.964,2.388,0/82,0
1200,1000,976,0.976,2.305,0/83,0
1200,1000,976,0.976,2.277,0/83,0
1200,1000,964,0.964,2.298,0/82,0
1200,1000,964,0.964,2.323,0/82,0
1200,1000,976,0.976,2.299,0/83,0
1200,1000,964,0.964,2.291,0/82,0
1200,1000,976,0.976,42.842,721/804,90
1200,1000,964,0.964,2.496,0/82,0
1200,1000,976,0.976,2.304,0/83,0
1200,1000,964,0.964,2.291,0/82,0
1600,1000,976,0.976,4.737,0/83,0
1600,1000,976,0.976,4.737,0/83,0
1600,1000,964,0.964,4.866,0/82,0
1600,1000,976,0.976,4.745,0/83,0
1600,1000,964,0.964,4.74,0/82,0
1600,1000,976,0.976,4.736,0/83,0
1600,1000,976,0.976,4.747,0/83,0
1600,1000,964,0.964,4.738,0/82,0
1600,1000,976,0.976,4.746,0/83,0
1600,1000,964,0.964,4.757,0/82,0
1600,1000,976,0.976,4.764,0/83,0
1600,1000,976,0.976,4.746,0/83,0
1600,1000,964,0.964,4.742,0/82,0
1600,1000,976,0.976,4.754,0/83,0
1600,1000,976,0.976,4.747,0/83,0
1600,1000,964,0.964,4.774,0/82,0
1600,1000,976,0.976,4.743,0/83,0
1600,1000,964,0.964,4.737,0/82,0
1600,1000,976,0.976,4.756,0/83,0
1600,1000,964,0.964,4.753,0/82,0
1600,1000,976,0.976,4.736,0/83,0
1600,1000,976,0.976,4.769,0/83,0
1600,1000,964,0.964,4.745,0/82,0
1600,1000,976,0.976,4.738,0/83,0
1600,1000,964,0.964,4.774,0/82,0
1600,1000,976,0.976,4.017,8/91,8.8
1600,1000,964,0.964,3.384,53/135,39
1600,1000,976,0.976,3.335,54/137,39
1600,1000,964,0.964,3.284,53/135,39
1600,1000,976,0.976,3.291,53/136,39
1600,1000,976,0.976,3.369,54/137,39
1600,1000,964,0.964,3.369,53/135,39
1600,1000,976,0.976,3.599,54/137,39
1600,1000,964,0.964,3.306,53/135,39
1600,1000,976,0.976,3.364,53/136,39
1600,1000,976,0.976,3.65,55/138,40
1600,1000,964,0.964,3.501,53/135,39
1600,1000,976,0.976,3.325,54/137,39
1600,1000,976,0.976,3.317,54/137,39
1600,1000,964,0.964,3.311,53/135,39
1600,1000,976,0.976,3.453,53/136,39
1600,1000,964,0.964,3.462,53/135,39
1600,1000,976,0.976,3.347,54/137,39
1600,1000,964,0.964,3.2,53/135,39
1600,1000,976,0.976,3.217,53/136,39
1600,1000,976,0.976,3.452,54/137,39
1600,1000,964,0.964,3.348,53/135,39
1600,1000,976,0.976,3.651,52/135,39
1600,1000,964,0.964,3.342,53/135,39
1600,1000,976,0.976,3.477,53/136,39
1600,1000,976,0.976,3.18,54/137,39
1600,1000,964,0.964,3.291,53/135,39
1600,1000,976,0.976,3.417,53/136,39
1600,1000,976,0.976,3.367,54/137,39
1600,1000,964,0.964,3.288,53/135,39
1600,1000,976,0.976,3.21,54/137,39
1600,1000,964,0.964,3.34,53/135,39
1600,1000,976,0.976,3.685,55/138,40
1600,1000,976,0.976,3.579,55/138,40
1600,1000,870,0.87,3.348,48/122,39
2000,1000,976,0.976,6.207,0/83,0
2000,1000,964,0.964,6.217,0/82,0
2000,1000,976,0.976,6.253,0/83,0
2000,1000,976,0.976,6.206,0/83,0
2000,1000,964,0.964,6.218,0/82,0
2000,1000,976,0.976,6.269,0/83,0
2000,1000,964,0.964,6.167,0/82,0
2000,1000,976,0.976,6.218,0/83,0
2000,1000,976,0.976,6.301,0/83,0
2000,1000,964,0.964,6.207,0/82,0
2000,1000,976,0.976,6.22,0/83,0
2000,1000,976,0.976,6.218,0/83,0
2000,1000,964,0.964,6.225,0/82,0
2000,1000,976,0.976,6.222,0/83,0
2000,1000,964,0.964,6.206,0/82,0
2000,1000,976,0.976,6.212,0/83,0
2000,1000,976,0.976,6.207,0/83,0
2000,1000,964,0.964,6.215,0/82,0
2000,1000,976,0.976,6.211,0/83,0
2000,1000,964,0.964,6.207,0/82,0
2000,1000,976,0.976,6.216,0/83,0
2000,1000,976,0.976,6.218,0/83,0
2000,1000,964,0.964,1.217,39/ 121,32
2000,1000,976,0.976,0.513,87/ 170,51
2000,1000,964,0.964,0.564,87/ 169,51
2000,1000,976,0.976,0.639,88/ 171,51
2000,1000,976,0.976,0.813,88/ 171,51
2000,1000,964,0.964,0.645,86/ 168,51
2000,1000,976,0.976,0.663,88/ 171,51
2000,1000,976,0.976,0.713,88/ 171,51
2000,1000,964,0.964,0.523,86/ 168,51
2000,1000,976,0.976,0.547,88/ 171,51
2000,1000,964,0.964,0.641,87/ 169,51
2000,1000,976,0.976,0.75,88/ 171,51
2000,1000,976,0.976,0.527,87/ 170,51
2000,1000,964,0.964,0.569,87/ 169,51
2000,1000,976,0.976,0.757,88/ 171,51
2000,1000,964,0.964,0.837,87/ 169,51
2000,1000,976,0.976,0.633,87/ 170,51
2000,1000,976,0.976,0.724,88/ 171,51
2000,1000,964,0.964,0.77,87/ 169,51
2000,1000,976,0.976,0.516,87/ 170,51
2000,1000,976,0.976,0.574,88/ 171,51
2000,1000,964,0.964,0.68,87/ 169,51
2000,1000,976,0.976,0.766,88/ 171,51
2000,1000,964,0.964,0.554,86/ 168,51
2000,1000,976,0.976,0.608,88/ 171,51
2000,1000,976,0.976,0.697,88/ 171,51
2000,1000,964,0.964,0.529,86/ 168,51
2000,1000,976,0.976,0.582,88/ 171,51
2000,1000,953,0.953,13.1,1986/2067,96
2000,1000,976,0.976,6.246,0/83,0
2000,1000,964,0.964,6.218,0/82,0
2000,1000,976,0.976,6.215,0/83,0
2000,1000,976,0.976,6.199,0/83,0
2000,1000,964,0.964,6.218,0/82,0
2000,1000,976,0.976,6.217,0/83,0
2000,1000,976,0.976,6.214,0/83,0
2000,1000,964,0.964,6.229,0/82,0
2000,1000,976,0.976,6.213,0/83,0
400,1000,412,0.412,0.163,0/35,0
400,1000,400,0.4,0.28,0/34,0
400,1000,400,0.4,0.268,0/34,0
400,1000,400,0.4,0.269,0/34,0
400,1000,400,0.4,0.238,0/34,0
400,1000,400,0.4,0.323,0/34,0
400,1000,400,0.4,0.342,0/34,0
400,1000,400,0.4,0.271,0/34,0
400,1000,400,0.4,0.281,0/34,0
400,1000,400,0.4,0.283,0/34,0
400,1000,400,0.4,0.257,0/34,0
400,1000,400,0.4,0.298,0/34,0
400,1000,400,0.4,0.34,0/34,0
400,1000,400,0.4,0.303,0/34,0
400,1000,400,0.4,0.24,0/34,0
400,1000,400,0.4,0.32,0/34,0
400,1000,400,0.4,0.294,0/34,0
400,1000,400,0.4,0.33,0/34,0
400,1000,400,0.4,0.324,0/34,0
400,1000,400,0.4,0.269,0/34,0
400,1000,400,0.4,0.227,0/34,0
400,1000,400,0.4,0.28,0/34,0
400,1000,400,0.4,0.233,0/34,0
400,1000,400,0.4,0.269,0/34,0
400,1000,400,0.4,0.307,0/34,0
400,1000,400,0.4,0.291,0/34,0
400,1000,400,0.4,0.295,0/34,0
400,1000,400,0.4,0.281,0/34,0
400,1000,400,0.4,0.257,0/34,0
400,1000,400,0.4,0.263,0/34,0
400,1000,400,0.4,0.178,0/34,0
400,1000,400,0.4,0.242,0/34,0
400,1000,400,0.4,0.232,0/34,0
400,1000,400,0.4,0.291,0/34,0
400,1000,400,0.4,0.292,0/34,0
400,1000,400,0.4,0.365,0/34,0
400,1000,400,0.4,0.319,0/34,0
400,1000,400,0.4,0.254,0/34,0
400,1000,400,0.4,0.328,0/34,0
400,1000,400,0.4,0.261,0/34,0
400,1000,412,0.412,0.276,0/35,0
400,1000,400,0.4,0.34,0/34,0
400,1000,400,0.4,0.251,0/34,0
400,1000,400,0.4,0.293,0/34,0
400,1000,400,0.4,0.284,0/34,0
400,1000,400,0.4,0.274,0/34,0
400,1000,400,0.4,0.286,0/34,0
400,1000,400,0.4,0.295,0/34,0
400,1000,400,0.4,0.262,0/34,0
400,1000,400,0.4,0.264,0/34,0
400,1000,400,0.4,0.266,0/34,0
400,1000,400,0.4,0.214,0/34,0
400,1000,400,0.4,0.235,0/34,0
400,1000,400,0.4,0.31,0/34,0
400,1000,400,0.4,0.334,0/34,0
400,1000,400,0.4,0.273,0/34,0
400,1000,400,0.4,0.295,0/34,0
400,1000,400,0.4,0.314,0/34,0
400,1000,400,0.4,0.325,0/34,0
400,1000,400,0.4,0.288,0/34,0
800,1000,823,0.823,0.256,0/70,0
800,1000,800,0.8,0.176,0/68,0
800,1000,800,0.8,0.112,0/68,0
800,1000,800,0.8,0.066,0/68,0
800,1000,800,0.8,0.251,0/68,0
800,1000,800,0.8,0.07,0/68,0
800,1000,800,0.8,0.062,0/68,0
800,1000,800,0.8,0.067,0/68,0
800,1000,800,0.8,0.072,0/68,0
800,1000,800,0.8,0.17,0/68,0
800,1000,800,0.8,0.188,0/68,0
800,1000,800,0.8,0.184,0/68,0
800,1000,800,0.8,0.222,0/68,0
800,1000,800,0.8,0.279,0/68,0
800,1000,800,0.8,0.103,0/68,0
800,1000,800,0.8,0.12,0/68,0
800,1000,800,0.8,0.234,0/68,0
800,1000,800,0.8,0.287,0/68,0
800,1000,800,0.8,0.23,0/68,0
800,1000,800,0.8,0.303,0/68,0
800,1000,800,0.8,0.27,0/68,0
800,1000,800,0.8,0.251,0/68,0
800,1000,800,0.8,0.214,0/68,0
800,1000,800,0.8,0.273,0/68,0
800,1000,800,0.8,0.278,0/68,0
800,1000,800,0.8,0.234,0/68,0
800,1000,800,0.8,0.25,0/68,0
800,1000,800,0.8,0.271,0/68,0
800,1000,811,0.811,0.27,0/69,0
800,1000,800,0.8,0.3,0/68,0
800,1000,800,0.8,0.282,0/68,0
800,1000,800,0.8,0.19,0/68,0
800,1000,800,0.8,0.26,0/68,0
800,1000,800,0.8,0.254,0/68,0
800,1000,800,0.8,0.13,0/68,0
800,1000,800,0.8,0.249,0/68,0
800,1000,800,0.8,0.263,0/68,0
800,1000,800,0.8,0.22,0/68,0
800,1000,800,0.8,0.154,0/68,0
800,1000,800,0.8,0.124,0/68,0
800,1000,800,0.8,0.245,0/68,0
800,1000,800,0.8,0.251,0/68,0
800,1000,800,0.8,0.252,0/68,0
800,1000,800,0.8,0.294,0/68,0
800,1000,800,0.8,0.229,0/68,0
800,1000,800,0.8,0.303,0/68,0
800,1000,800,0.8,0.262,0/68,0
800,1000,800,0.8,0.284,0/68,0
800,1000,800,0.8,0.241,0/68,0
800,1000,800,0.8,0.289,0/68,0
800,1000,800,0.8,0.185,0/68,0
800,1000,800,0.8,0.206,0/68,0
800,1000,800,0.8,0.224,0/68,0
800,1000,800,0.8,0.231,0/68,0
800,1000,800,0.8,0.189,0/68,0
800,1000,800,0.8,0.254,0/68,0
800,1000,800,0.8,0.206,0/68,0
800,1000,800,0.8,0.323,0/68,0
800,1000,800,0.8,0.276,0/68,0
800,1000,800,0.8,0.284,0/68,0
1200,1000,976,0.976,2.297,0/83,0
1200,1000,976,0.976,2.302,0/83,0
1200,1000,964,0.964,2.3,0/82,0
1200,1000,976,0.976,2.291,0/83,0
1200,1000,964,0.964,2.298,0/82,0
1200,1000,976,0.976,2.314,0/83,0
1200,1000,976,0.976,2.286,0/83,0
1200,1000,964,0.964,2.296,0/82,0
1200,1000,976,0.976,2.301,0/83,0
1200,1000,976,0.976,2.198,0/83,0
1200,1000,964,0.964,2.314,0/82,0
1200,1000,976,0.976,2.293,0/83,0
1200,1000,964,0.964,2.287,0/82,0
1200,1000,976,0.976,2.321,0/83,0
1200,1000,976,0.976,2.323,0/83,0
1200,1000,964,0.964,2.292,0/82,0
1200,1000,976,0.976,2.333,0/83,0
1200,1000,964,0.964,2.303,0/82,0
1200,1000,976,0.976,2.3,0/83,0
1200,1000,976,0.976,2.341,0/83,0
1200,1000,964,0.964,2.281,0/82,0
1200,1000,976,0.976,2.298,0/83,0
1200,1000,964,0.964,2.396,0/82,0
1200,1000,976,0.976,2.291,0/83,0
1200,1000,976,0.976,2.317,0/83,0
1200,1000,964,0.964,2.266,0/82,0
1200,1000,976,0.976,2.293,0/83,0
1200,1000,976,0.976,2.29,0/83,0
1200,1000,964,0.964,2.302,0/82,0
1200,1000,976,0.976,2.299,0/83,0
1200,1000,964,0.964,2.296,0/82,0
1200,1000,976,0.976,2.368,0/83,0
1200,1000,976,0.976,2.312,0/83,0
1200,1000,964,0.964,2.299,0/82,0
1200,1000,976,0.976,2.304,0/83,0
1200,1000,964,0.964,2.306,0/82,0
1200,1000,976,0.976,2.3,0/83,0
1200,1000,976,0.976,2.3,0/83,0
1200,1000,964,0.964,2.429,0/82,0
1200,1000,976,0.976,2.301,0/83,0
1200,1000,976,0.976,2.295,0/83,0
1200,1000,964,0.964,2.298,0/82,0
1200,1000,976,0.976,2.29,0/83,0
1200,1000,964,0.964,2.296,0/82,0
1200,1000,976,0.976,2.318,0/83,0
1200,1000,976,0.976,2.286,0/83,0
1200,1000,964,0.964,2.304,0/82,0
1200,1000,976,0.976,2.352,0/83,0
1200,1000,964,0.964,2.3,0/82,0
1200,1000,976,0.976,2.29,0/83,0
1200,1000,964,0.964,20.131,530/612,87
1200,1000,976,0.976,2.382,0/83,0
1200,1000,976,0.976,2.303,0/83,0
1200,1000,964,0.964,2.383,0/82,0
1200,1000,976,0.976,2.289,0/83,0
1200,1000,964,0.964,2.289,0/82,0
1200,1000,976,0.976,2.439,0/83,0
1200,1000,976,0.976,2.306,0/83,0
1200,1000,964,0.964,2.292,0/82,0
1200,1000,976,0.976,2.268,0/83,0
1600,1000,976,0.976,4.774,0/83,0
1600,1000,964,0.964,4.747,0/82,0
1600,1000,976,0.976,4.735,0/83,0
1600,1000,976,0.976,4.783,0/83,0
1600,1000,964,0.964,4.755,0/82,0
1600,1000,976,0.976,4.738,0/83,0
1600,1000,964,0.964,4.814,0/82,0
1600,1000,976,0.976,4.752,0/83,0
1600,1000,976,0.976,4.755,0/83,0
1600,1000,964,0.964,4.838,0/82,0
1600,1000,976,0.976,4.752,0/83,0
1600,1000,964,0.964,4.755,0/82,0
1600,1000,976,0.976,4.741,0/83,0
1600,1000,976,0.976,4.756,0/83,0
1600,1000,964,0.964,4.75,0/82,0
1600,1000,976,0.976,4.772,0/83,0
1600,1000,964,0.964,4.758,0/82,0
1600,1000,976,0.976,4.756,0/83,0
1600,1000,976,0.976,4.753,0/83,0
1600,1000,964,0.964,4.747,0/82,0
1600,1000,976,0.976,4.749,0/83,0
1600,1000,976,0.976,4.759,0/83,0
1600,1000,964,0.964,4.76,0/82,0
1600,1000,976,0.976,4.753,0/83,0
1600,1000,964,0.964,4.757,0/82,0
1600,1000,976,0.976,4.75,0/83,0
1600,1000,976,0.976,4.76,0/83,0
1600,1000,964,0.964,4.746,0/82,0
1600,1000,976,0.976,4.749,0/83,0
1600,1000,964,0.964,3.962,8/90,8.9
1600,1000,976,0.976,3.375,53/136,39
1600,1000,976,0.976,3.386,54/137,39
1600,1000,964,0.964,3.342,53/135,39
1600,1000,976,0.976,3.163,53/136,39
1600,1000,964,0.964,3.453,53/135,39
1600,1000,976,0.976,3.42,54/137,39
1600,1000,976,0.976,3.282,54/137,39
1600,1000,964,0.964,3.467,52/134,39
1600,1000,976,0.976,3.354,54/137,39
1600,1000,976,0.976,3.319,54/137,39
1600,1000,964,0.964,3.236,53/135,39
1600,1000,976,0.976,3.169,53/136,39
1600,1000,964,0.964,3.416,53/135,39
1600,1000,976,0.976,3.39,54/137,39
1600,1000,976,0.976,3.395,53/136,39
1600,1000,964,0.964,3.328,53/135,39
1600,1000,976,0.976,3.356,54/137,39
1600,1000,964,0.964,3.164,53/135,39
1600,1000,976,0.976,3.371,53/136,39
1600,1000,976,0.976,3.366,54/137,39
1600,1000,964,0.964,3.271,53/135,39
1600,1000,976,0.976,3.274,54/137,39
1600,1000,976,0.976,3.691,53/136,39
1600,1000,964,0.964,3.477,53/135,39
1600,1000,976,0.976,3.301,54/137,39
1600,1000,964,0.964,3.317,53/135,39
1600,1000,976,0.976,3.678,55/138,40
1600,1000,976,0.976,3.549,53/136,39
1600,1000,964,0.964,3.43,53/135,39
1600,1000,964,0.964,8.371,1295/1377,94
2000,1000,976,0.976,6.217,0/83,0
2000,1000,964,0.964,6.261,0/82,0
2000,1000,976,0.976,6.213,0/83,0
2000,1000,964,0.964,6.209,0/82,0
2000,1000,976,0.976,6.345,0/83,0
2000,1000,976,0.976,6.221,0/83,0
2000,1000,964,0.964,6.224,0/82,0
2000,1000,976,0.976,6.226,0/83,0
2000,1000,964,0.964,6.212,0/82,0
2000,1000,976,0.976,6.228,0/83,0
2000,1000,976,0.976,6.157,0/83,0
2000,1000,964,0.964,6.216,0/82,0
2000,1000,976,0.976,6.226,0/83,0
2000,1000,964,0.964,6.225,0/82,0
2000,1000,976,0.976,6.223,0/83,0
2000,1000,976,0.976,54.062,323/406,80
2000,1000,964,0.964,6.721,0/82,0
2000,1000,976,0.976,6.209,0/83,0
2000,1000,964,0.964,6.234,0/82,0
2000,1000,976,0.976,6.259,0/83,0
2000,1000,976,0.976,6.227,0/83,0
2000,1000,964,0.964,6.218,0/82,0
2000,1000,976,0.976,6.205,0/83,0
2000,1000,964,0.964,6.233,0/82,0
2000,1000,976,0.976,6.224,0/83,0
2000,1000,976,0.976,6.224,0/83,0
2000,1000,964,0.964,0.678,74/156,47
2000,1000,976,0.976,2.003,82/165,50
2000,1000,976,0.976,0.796,88/171,51
2000,1000,964,0.964,0.6,86/168,51
2000,1000,976,0.976,0.647,88/171,51
2000,1000,964,0.964,0.771,87/169,51
2000,1000,976,0.976,0.621,87/170,51
2000,1000,976,0.976,0.566,88/171,51
2000,1000,964,0.964,0.653,87/169,51
2000,1000,976,0.976,0.632,88/171,51
2000,1000,964,0.964,0.645,86/168,51
2000,1000,976,0.976,0.661,88/171,51
2000,1000,976,0.976,0.681,88/171,51
2000,1000,964,0.964,0.514,86/168,51
2000,1000,976,0.976,0.559,88/171,51
2000,1000,976,0.976,0.642,88/171,51
2000,1000,964,0.964,1.079,87/169,51
2000,1000,976,0.976,0.604,87/170,51
2000,1000,964,0.964,0.599,87/169,51
2000,1000,976,0.976,0.782,88/171,51
2000,1000,976,0.976,0.946,88/171,51
2000,1000,964,0.964,0.732,86/168,51
2000,1000,976,0.976,0.844,88/171,51
2000,1000,964,0.964,1.199,87/169,51
2000,1000,976,0.976,0.591,87/170,51
2000,1000,976,0.976,0.698,88/171,51
2000,1000,964,0.964,0.814,87/169,51
2000,1000,976,0.976,0.777,88/171,51
2000,1000,964,0.964,0.586,88/170,52
2000,1000,976,0.976,12.536,1822/1905,96
2000,1000,964,0.964,6.252,0/82,0
2000,1000,976,0.976,6.236,0/83,0
2000,1000,976,0.976,6.211,0/83,0
2000,1000,964,0.964,6.219,0/82,0
400,1000,412,0.412,0.229,0/35,0
400,1000,400,0.4,0.235,0/34,0
400,1000,400,0.4,0.233,0/34,0
400,1000,400,0.4,0.171,0/34,0
400,1000,400,0.4,0.178,0/34,0
400,1000,400,0.4,0.188,0/34,0
400,1000,400,0.4,0.109,0/34,0
400,1000,400,0.4,0.14,0/34,0
400,1000,400,0.4,0.122,0/34,0
400,1000,400,0.4,0.205,0/34,0
400,1000,400,0.4,0.209,0/34,0
400,1000,400,0.4,0.11,0/34,0
400,1000,400,0.4,0.051,0/34,0
400,1000,400,0.4,0.211,0/34,0
400,1000,400,0.4,0.106,0/34,0
400,1000,400,0.4,0.186,0/34,0
400,1000,400,0.4,0.164,0/34,0
400,1000,400,0.4,0.169,0/34,0
400,1000,400,0.4,0.17,0/34,0
400,1000,400,0.4,0.219,0/34,0
400,1000,400,0.4,0.291,0/34,0
400,1000,400,0.4,0.254,0/34,0
400,1000,400,0.4,0.187,0/34,0
400,1000,400,0.4,0.18,0/34,0
400,1000,400,0.4,0.25,0/34,0
400,1000,400,0.4,0.203,0/34,0
400,1000,400,0.4,0.195,0/34,0
400,1000,400,0.4,0.209,0/34,0
400,1000,400,0.4,0.284,0/34,0
400,1000,400,0.4,0.228,0/34,0
400,1000,400,0.4,0.178,0/34,0
400,1000,400,0.4,0.214,0/34,0
400,1000,400,0.4,0.245,0/34,0
400,1000,400,0.4,0.292,0/34,0
400,1000,400,0.4,0.319,0/34,0
400,1000,400,0.4,0.284,0/34,0
400,1000,400,0.4,0.326,0/34,0
400,1000,400,0.4,0.221,0/34,0
400,1000,400,0.4,0.211,0/34,0
400,1000,400,0.4,0.252,0/34,0
400,1000,400,0.4,0.239,0/34,0
400,1000,400,0.4,0.184,0/34,0
400,1000,412,0.412,0.126,0/35,0
400,1000,400,0.4,0.132,0/34,0
400,1000,400,0.4,0.113,0/34,0
400,1000,400,0.4,0.106,0/34,0
400,1000,400,0.4,0.09,0/34,0
400,1000,400,0.4,0.085,0/34,0
400,1000,400,0.4,0.063,0/34,0
400,1000,400,0.4,0.155,0/34,0
400,1000,400,0.4,0.1,0/34,0
400,1000,400,0.4,0.2,0/34,0
400,1000,400,0.4,0.254,0/34,0
400,1000,400,0.4,0.234,0/34,0
400,1000,400,0.4,0.205,0/34,0
400,1000,400,0.4,0.283,0/34,0
400,1000,400,0.4,0.307,0/34,0
400,1000,400,0.4,0.199,0/34,0
400,1000,400,0.4,0.248,0/34,0
400,1000,400,0.4,0.237,0/34,0
800,1000,811,0.811,0.268,0/69,0
800,1000,800,0.8,0.351,0/68,0
800,1000,800,0.8,0.256,0/68,0
800,1000,800,0.8,0.299,0/68,0
800,1000,800,0.8,0.3,0/68,0
800,1000,800,0.8,0.231,0/68,0
800,1000,800,0.8,0.241,0/68,0
800,1000,800,0.8,0.105,0/68,0
800,1000,800,0.8,0.276,0/68,0
800,1000,800,0.8,0.28,0/68,0
800,1000,800,0.8,0.382,0/68,0
800,1000,800,0.8,0.253,0/68,0
800,1000,800,0.8,0.285,0/68,0
800,1000,800,0.8,0.339,0/68,0
800,1000,811,0.811,0.285,0/69,0
800,1000,800,0.8,0.251,0/68,0
800,1000,800,0.8,0.27,0/68,0
800,1000,800,0.8,0.24,0/68,0
800,1000,800,0.8,0.261,0/68,0
800,1000,800,0.8,0.278,0/68,0
800,1000,800,0.8,0.215,0/68,0
800,1000,800,0.8,0.232,0/68,0
800,1000,800,0.8,0.286,0/68,0
800,1000,800,0.8,0.296,0/68,0
800,1000,800,0.8,0.289,0/68,0
800,1000,800,0.8,0.242,0/68,0
800,1000,800,0.8,0.304,0/68,0
800,1000,800,0.8,0.233,0/68,0
800,1000,800,0.8,0.182,0/68,0
800,1000,800,0.8,0.224,0/68,0
800,1000,800,0.8,0.125,0/68,0
800,1000,800,0.8,0.233,0/68,0
800,1000,800,0.8,0.217,0/68,0
800,1000,800,0.8,0.248,0/68,0
800,1000,800,0.8,0.265,0/68,0
800,1000,800,0.8,0.341,0/68,0
800,1000,800,0.8,0.21,0/68,0
800,1000,800,0.8,0.29,0/68,0
800,1000,800,0.8,0.27,0/68,0
800,1000,800,0.8,0.311,0/68,0
800,1000,800,0.8,0.235,0/68,0
800,1000,800,0.8,0.238,0/68,0
800,1000,800,0.8,0.249,0/68,0
800,1000,800,0.8,0.307,0/68,0
800,1000,800,0.8,0.304,0/68,0
800,1000,800,0.8,0.265,0/68,0
800,1000,800,0.8,0.282,0/68,0
800,1000,800,0.8,0.293,0/68,0
800,1000,800,0.8,0.249,0/68,0
800,1000,800,0.8,0.258,0/68,0
800,1000,800,0.8,0.28,0/68,0
800,1000,811,0.811,0.353,0/69,0
800,1000,800,0.8,0.226,0/68,0
800,1000,800,0.8,0.248,0/68,0
800,1000,800,0.8,0.304,0/68,0
800,1000,800,0.8,0.136,0/68,0
800,1000,800,0.8,0.217,0/68,0
800,1000,800,0.8,0.149,0/68,0
800,1000,800,0.8,0.129,0/68,0
800,1000,800,0.8,0.267,0/68,0
1200,1000,976,0.976,2.351,0/83,0
1200,1000,976,0.976,2.138,0/83,0
1200,1000,964,0.964,2.332,0/82,0
1200,1000,976,0.976,2.33,0/83,0
1200,1000,976,0.976,2.3,0/83,0
1200,1000,964,0.964,2.323,0/82,0
1200,1000,976,0.976,2.511,0/83,0
1200,1000,964,0.964,2.296,0/82,0
1200,1000,976,0.976,2.342,0/83,0
1200,1000,976,0.976,2.434,0/83,0
1200,1000,964,0.964,2.302,0/82,0
1200,1000,976,0.976,2.374,0/83,0
1200,1000,964,0.964,2.246,0/82,0
1200,1000,976,0.976,2.3,0/83,0
1200,1000,976,0.976,2.395,0/83,0
1200,1000,964,0.964,2.299,0/82,0
1200,1000,976,0.976,2.298,0/83,0
1200,1000,976,0.976,2.306,0/83,0
1200,1000,964,0.964,2.306,0/82,0
1200,1000,976,0.976,2.299,0/83,0
1200,1000,964,0.964,2.297,0/82,0
1200,1000,976,0.976,2.289,0/83,0
1200,1000,976,0.976,2.29,0/83,0
1200,1000,964,0.964,2.32,0/82,0
1200,1000,976,0.976,2.303,0/83,0
1200,1000,964,0.964,2.293,0/82,0
1200,1000,976,0.976,2.308,0/83,0
1200,1000,976,0.976,2.3,0/83,0
1200,1000,964,0.964,2.285,0/82,0
1200,1000,976,0.976,2.298,0/83,0
1200,1000,964,0.964,2.296,0/82,0
1200,1000,976,0.976,2.29,0/83,0
1200,1000,976,0.976,2.29,0/83,0
1200,1000,964,0.964,2.32,0/82,0
1200,1000,976,0.976,2.308,0/83,0
1200,1000,976,0.976,2.301,0/83,0
1200,1000,964,0.964,2.309,0/82,0
1200,1000,976,0.976,2.215,0/83,0
1200,1000,964,0.964,2.298,0/82,0
1200,1000,976,0.976,2.332,0/83,0
1200,1000,976,0.976,2.295,0/83,0
1200,1000,964,0.964,2.29,0/82,0
1200,1000,976,0.976,2.357,0/83,0
1200,1000,964,0.964,2.303,0/82,0
1200,1000,976,0.976,2.295,0/83,0
1200,1000,964,0.964,2.411,0/82,0
1200,1000,976,0.976,2.321,0/83,0
1200,1000,964,0.964,2.289,0/82,0
1200,1000,976,0.976,2.303,0/83,0
1200,1000,976,0.976,2.299,0/83,0
1200,1000,964,0.964,2.305,0/82,0
1200,1000,976,0.976,2.312,0/83,0
1200,1000,964,0.964,2.284,0/82,0
1200,1000,976,0.976,2.304,0/83,0
1200,1000,964,0.964,2.309,0/82,0
1200,1000,976,0.976,412.763,715/798,90
1200,1000,976,0.976,4.227,0/83,0
1200,1000,964,0.964,2.315,0/82,0
1200,1000,976,0.976,2.186,0/83,0
1200,1000,964,0.964,2.293,0/82,0
1600,1000,976,0.976,4.745,0/83,0
1600,1000,964,0.964,4.783,0/82,0
1600,1000,976,0.976,4.748,0/83,0
1600,1000,964,0.964,4.754,0/82,0
1600,1000,976,0.976,4.8,0/83,0
1600,1000,976,0.976,4.747,0/83,0
1600,1000,964,0.964,4.736,0/82,0
1600,1000,976,0.976,4.842,0/83,0
1600,1000,964,0.964,4.746,0/82,0
1600,1000,976,0.976,4.758,0/83,0
1600,1000,976,0.976,4.788,0/83,0
1600,1000,964,0.964,4.747,0/82,0
1600,1000,976,0.976,4.74,0/83,0
1600,1000,964,0.964,4.754,0/82,0
1600,1000,976,0.976,4.764,0/83,0
1600,1000,976,0.976,4.737,0/83,0
1600,1000,964,0.964,4.739,0/82,0
1600,1000,976,0.976,4.749,0/83,0
1600,1000,964,0.964,4.753,0/82,0
1600,1000,976,0.976,4.755,0/83,0
1600,1000,976,0.976,4.753,0/83,0
1600,1000,964,0.964,4.747,0/82,0
1600,1000,976,0.976,4.738,0/83,0
1600,1000,964,0.964,4.766,0/82,0
1600,1000,976,0.976,4.746,0/83,0
1600,1000,976,0.976,4.751,0/83,0
1600,1000,964,0.964,4.753,0/82,0
1600,1000,976,0.976,4.746,0/83,0
1600,1000,976,0.976,4.751,0/83,0
1600,1000,964,0.964,4.008,8/90,8.9
1600,1000,976,0.976,3.367,54/137,39
1600,1000,964,0.964,3.312,53/135,39
1600,1000,976,0.976,3.189,53/136,39
1600,1000,976,0.976,3.462,54/137,39
1600,1000,964,0.964,3.501,53/135,39
1600,1000,976,0.976,3.316,54/137,39
1600,1000,964,0.964,3.334,53/135,39
1600,1000,976,0.976,3.318,53/136,39
1600,1000,976,0.976,3.236,54/137,39
1600,1000,964,0.964,3.277,53/135,39
1600,1000,976,0.976,3.446,53/136,39
1600,1000,976,0.976,3.325,54/137,39
1600,1000,964,0.964,3.362,53/135,39
1600,1000,976,0.976,3.423,53/136,39
1600,1000,964,0.964,3.067,53/135,39
1600,1000,976,0.976,3.391,54/137,39
1600,1000,976,0.976,3.368,54/137,39
1600,1000,964,0.964,4.157,52/134,39
1600,1000,976,0.976,3.406,54/137,39
1600,1000,964,0.964,3.355,53/135,39
1600,1000,976,0.976,3.411,54/137,39
1600,1000,976,0.976,3.393,53/136,39
1600,1000,964,0.964,3.403,53/135,39
1600,1000,976,0.976,3.282,54/137,39
1600,1000,964,0.964,3.338,53/135,39
1600,1000,976,0.976,3.447,53/136,39
1600,1000,976,0.976,3.314,54/137,39
1600,1000,964,0.964,3.365,53/135,39
1600,1000,976,0.976,3.429,53/136,39
1600,1000,976,0.976,3.317,54/137,39
2000,1000,964,0.964,6.238,0/ 82,0
2000,1000,976,0.976,6.192,0/ 83,0
2000,1000,964,0.964,6.244,0/ 82,0
2000,1000,976,0.976,6.209,0/ 83,0
2000,1000,976,0.976,6.213,0/ 83,0
2000,1000,964,0.964,6.257,0/ 82,0
2000,1000,976,0.976,6.219,0/ 83,0
2000,1000,976,0.976,6.165,0/ 83,0
2000,1000,964,0.964,6.312,0/ 82,0
2000,1000,976,0.976,6.219,0/ 83,0
2000,1000,964,0.964,6.222,0/ 82,0
2000,1000,976,0.976,6.171,0/ 83,0
2000,1000,976,0.976,6.231,0/ 83,0
2000,1000,964,0.964,6.23,0/ 82,0
2000,1000,976,0.976,6.224,0/ 83,0
2000,1000,964,0.964,33.493,309/391,79
2000,1000,976,0.976,6.347,0/83,0
2000,1000,976,0.976,6.217,0/83,0
2000,1000,964,0.964,6.223,0/82,0
2000,1000,976,0.976,6.219,0/83,0
2000,1000,964,0.964,6.214,0/82,0
2000,1000,976,0.976,6.215,0/83,0
2000,1000,976,0.976,6.222,0/83,0
2000,1000,964,0.964,6.212,0/82,0
2000,1000,976,0.976,6.228,0/83,0
2000,1000,964,0.964,6.224,0/82,0
2000,1000,976,0.976,1.309,86/169,51
2000,1000,976,0.976,1.771,82/165,50
2000,1000,964,0.964,0.603,86/168,51
2000,1000,976,0.976,0.58,88/171,51
2000,1000,964,0.964,0.714,87/169,51
2000,1000,976,0.976,0.796,88/171,51
2000,1000,976,0.976,0.529,87/170,51
2000,1000,964,0.964,0.851,87/169,51
2000,1000,976,0.976,0.769,88/171,51
2000,1000,976,0.976,0.534,87/170,51
2000,1000,964,0.964,0.715,87/169,51
2000,1000,976,0.976,0.72,88/171,51
2000,1000,964,0.964,0.772,87/169,51
2000,1000,976,0.976,0.592,87/170,51
2000,1000,976,0.976,0.587,88/171,51
2000,1000,964,0.964,1.146,87/169,51
2000,1000,976,0.976,0.954,88/171,51
2000,1000,964,0.964,0.571,86/168,51
2000,1000,976,0.976,0.64,88/171,51
2000,1000,976,0.976,0.8,88/171,51
2000,1000,964,0.964,0.524,86/168,51
2000,1000,976,0.976,0.599,88/171,51
2000,1000,976,0.976,0.665,88/171,51
2000,1000,964,0.964,0.876,87/169,51
2000,1000,976,0.976,0.907,87/170,51
2000,1000,964,0.964,0.786,87/169,51
2000,1000,976,0.976,0.937,88/171,51
2000,1000,976,0.976,0.517,87/170,51
2000,1000,964,0.964,0.888,87/169,51
2000,1000,976,0.976,0.734,88/171,51
2000,1000,964,0.964,0.797,89/171,52
2000,1000,976,0.976,0.569,87/170,51
2000,1000,964,0.964,34.929,1675/1757,95
2000,1000,976,0.976,6.378,0/83,0
400,1000,412,0.412,0.149,0/35,0
400,1000,400,0.4,0.18,0/34,0
400,1000,400,0.4,0.2,0/34,0
400,1000,400,0.4,0.155,0/34,0
400,1000,400,0.4,0.184,0/34,0
400,1000,400,0.4,0.199,0/34,0
400,1000,400,0.4,0.165,0/34,0
400,1000,400,0.4,0.174,0/34,0
400,1000,400,0.4,0.201,0/34,0
400,1000,400,0.4,0.21,0/34,0
400,1000,400,0.4,0.191,0/34,0
400,1000,400,0.4,0.186,0/34,0
400,1000,400,0.4,0.196,0/34,0
400,1000,400,0.4,0.241,0/34,0
400,1000,400,0.4,0.218,0/34,0
400,1000,400,0.4,0.211,0/34,0
400,1000,400,0.4,0.203,0/34,0
400,1000,400,0.4,0.174,0/34,0
400,1000,400,0.4,0.151,0/34,0
400,1000,400,0.4,0.207,0/34,0
400,1000,400,0.4,0.203,0/34,0
400,1000,400,0.4,0.183,0/34,0
400,1000,400,0.4,0.23,0/34,0
400,1000,400,0.4,0.225,0/34,0
400,1000,400,0.4,0.183,0/34,0
400,1000,400,0.4,0.219,0/34,0
400,1000,400,0.4,0.227,0/34,0
400,1000,400,0.4,0.168,0/34,0
400,1000,400,0.4,0.155,0/34,0
400,1000,400,0.4,0.162,0/34,0
400,1000,400,0.4,0.161,0/34,0
400,1000,400,0.4,0.199,0/34,0
400,1000,400,0.4,0.198,0/34,0
400,1000,400,0.4,0.225,0/34,0
400,1000,400,0.4,0.182,0/34,0
400,1000,400,0.4,0.19,0/34,0
400,1000,400,0.4,0.167,0/34,0
400,1000,400,0.4,0.169,0/34,0
400,1000,400,0.4,0.201,0/34,0
400,1000,400,0.4,0.172,0/34,0
400,1000,400,0.4,0.191,0/34,0
400,1000,400,0.4,0.225,0/34,0
400,1000,400,0.4,0.216,0/34,0
400,1000,400,0.4,0.208,0/34,0
400,1000,400,0.4,0.094,0/34,0
400,1000,400,0.4,0.145,0/34,0
400,1000,400,0.4,0.186,0/34,0
400,1000,400,0.4,0.239,0/34,0
400,1000,400,0.4,0.232,0/34,0
400,1000,400,0.4,0.164,0/34,0
400,1000,400,0.4,0.164,0/34,0
400,1000,400,0.4,0.213,0/34,0
400,1000,400,0.4,0.229,0/34,0
400,1000,400,0.4,0.147,0/34,0
400,1000,400,0.4,0.179,0/34,0
400,1000,400,0.4,0.171,0/34,0
400,1000,400,0.4,0.153,0/34,0
400,1000,400,0.4,0.165,0/34,0
400,1000,400,0.4,0.201,0/34,0
400,1000,400,0.4,0.223,0/34,0
800,1000,811,0.811,0.182,0/69,0
800,1000,800,0.8,0.237,0/68,0
800,1000,800,0.8,0.204,0/68,0
800,1000,800,0.8,0.189,0/68,0
800,1000,800,0.8,0.175,0/68,0
800,1000,800,0.8,0.153,0/68,0
800,1000,800,0.8,0.151,0/68,0
800,1000,800,0.8,0.199,0/68,0
800,1000,800,0.8,0.217,0/68,0
800,1000,800,0.8,0.201,0/68,0
800,1000,800,0.8,0.244,0/68,0
800,1000,800,0.8,0.23,0/68,0
800,1000,800,0.8,0.153,0/68,0
800,1000,800,0.8,0.196,0/68,0
800,1000,800,0.8,0.147,0/68,0
800,1000,800,0.8,0.181,0/68,0
800,1000,800,0.8,0.178,0/68,0
800,1000,800,0.8,0.146,0/68,0
800,1000,800,0.8,0.174,0/68,0
800,1000,811,0.811,0.174,0/69,0
800,1000,800,0.8,0.201,0/68,0
800,1000,800,0.8,0.19,0/68,0
800,1000,800,0.8,0.153,0/68,0
800,1000,800,0.8,0.128,0/68,0
800,1000,800,0.8,0.164,0/68,0
800,1000,800,0.8,0.169,0/68,0
800,1000,800,0.8,0.152,0/68,0
800,1000,800,0.8,0.188,0/68,0
800,1000,800,0.8,0.161,0/68,0
800,1000,800,0.8,0.16,0/68,0
800,1000,800,0.8,0.178,0/68,0
800,1000,800,0.8,0.181,0/68,0
800,1000,800,0.8,0.206,0/68,0
800,1000,800,0.8,0.189,0/68,0
800,1000,800,0.8,0.191,0/68,0
800,1000,800,0.8,0.151,0/68,0
800,1000,800,0.8,0.204,0/68,0
800,1000,800,0.8,0.207,0/68,0
800,1000,800,0.8,0.145,0/68,0
800,1000,800,0.8,0.19,0/68,0
800,1000,800,0.8,0.2,0/68,0
800,1000,800,0.8,0.221,0/68,0
800,1000,800,0.8,0.173,0/68,0
800,1000,800,0.8,0.198,0/68,0
800,1000,800,0.8,0.225,0/68,0
800,1000,800,0.8,0.168,0/68,0
800,1000,800,0.8,0.174,0/68,0
800,1000,800,0.8,0.209,0/68,0
800,1000,800,0.8,0.239,0/68,0
800,1000,800,0.8,0.157,0/68,0
800,1000,800,0.8,0.202,0/68,0
800,1000,800,0.8,0.22,0/68,0
800,1000,800,0.8,0.172,0/68,0
800,1000,800,0.8,0.165,0/68,0
800,1000,800,0.8,0.241,0/68,0
800,1000,800,0.8,0.178,0/68,0
800,1000,811,0.811,0.184,0/69,0
800,1000,800,0.8,0.189,0/68,0
800,1000,800,0.8,0.192,0/68,0
800,1000,800,0.8,0.189,0/68,0
1200,1000,976,0.976,2.296,0/83,0
1200,1000,964,0.964,2.298,0/82,0
1200,1000,976,0.976,2.35,0/83,0
1200,1000,976,0.976,2.291,0/83,0
1200,1000,964,0.964,2.308,0/82,0
1200,1000,976,0.976,2.353,0/83,0
1200,1000,964,0.964,2.307,0/82,0
1200,1000,976,0.976,2.298,0/83,0
1200,1000,976,0.976,2.422,0/83,0
1200,1000,964,0.964,2.253,0/82,0
1200,1000,976,0.976,2.383,0/83,0
1200,1000,976,0.976,2.309,0/83,0
1200,1000,964,0.964,2.291,0/82,0
1200,1000,976,0.976,2.297,0/83,0
1200,1000,964,0.964,2.389,0/82,0
1200,1000,976,0.976,2.307,0/83,0
1200,1000,976,0.976,2.302,0/83,0
1200,1000,964,0.964,2.29,0/82,0
1200,1000,976,0.976,2.238,0/83,0
1200,1000,964,0.964,2.308,0/82,0
1200,1000,976,0.976,2.298,0/83,0
1200,1000,976,0.976,2.311,0/83,0
1200,1000,964,0.964,2.334,0/82,0
1200,1000,976,0.976,2.294,0/83,0
1200,1000,964,0.964,2.311,0/82,0
1200,1000,976,0.976,2.296,0/83,0
1200,1000,976,0.976,2.3,0/83,0
1200,1000,964,0.964,2.313,0/82,0
1200,1000,976,0.976,2.298,0/83,0
1200,1000,976,0.976,2.314,0/83,0
1200,1000,964,0.964,2.348,0/82,0
1200,1000,976,0.976,2.286,0/83,0
1200,1000,964,0.964,2.291,0/82,0
1200,1000,976,0.976,2.333,0/83,0
1200,1000,976,0.976,2.339,0/83,0
1200,1000,964,0.964,2.312,0/82,0
1200,1000,976,0.976,2.366,0/83,0
1200,1000,964,0.964,2.294,0/82,0
1200,1000,976,0.976,2.301,0/83,0
1200,1000,976,0.976,2.428,0/83,0
1200,1000,964,0.964,2.302,0/82,0
1200,1000,976,0.976,2.308,0/83,0
1200,1000,976,0.976,2.214,0/83,0
1200,1000,964,0.964,2.291,0/82,0
1200,1000,976,0.976,10.424,406/489,83
1200,1000,964,0.964,2.337,0/82,0
1200,1000,976,0.976,2.293,0/83,0
1200,1000,964,0.964,2.298,0/82,0
1200,1000,976,0.976,2.288,0/83,0
1200,1000,976,0.976,2.298,0/83,0
1200,1000,964,0.964,2.29,0/82,0
1200,1000,976,0.976,2.302,0/83,0
1200,1000,964,0.964,2.294,0/82,0
1200,1000,976,0.976,2.293,0/83,0
1200,1000,976,0.976,2.298,0/83,0
1200,1000,964,0.964,2.312,0/82,0
1200,1000,764,0.764,29.415,0/65,0
1200,1000,764,0.764,2.679,0/65,0
1200,1000,964,0.964,2.354,0/82,0
1200,1000,976,0.976,2.339,0/83,0
1600,1000,976,0.976,4.766,0/83,0
1600,1000,976,0.976,4.751,0/83,0
1600,1000,964,0.964,4.751,0/82,0
1600,1000,976,0.976,4.754,0/83,0
1600,1000,964,0.964,4.754,0/82,0
1600,1000,976,0.976,4.766,0/83,0
1600,1000,976,0.976,4.762,0/83,0
1600,1000,964,0.964,4.749,0/82,0
1600,1000,976,0.976,4.759,0/83,0
1600,1000,964,0.964,4.748,0/82,0
1600,1000,976,0.976,4.748,0/83,0
1600,1000,976,0.976,4.759,0/83,0
1600,1000,964,0.964,4.736,0/82,0
1600,1000,976,0.976,4.696,0/83,0
1600,1000,964,0.964,4.768,0/82,0
1600,1000,976,0.976,4.735,0/83,0
1600,1000,976,0.976,4.752,0/83,0
1600,1000,964,0.964,4.787,0/82,0
1600,1000,976,0.976,4.748,0/83,0
1600,1000,976,0.976,4.749,0/83,0
1600,1000,964,0.964,4.8,0/82,0
1600,1000,976,0.976,4.756,0/83,0
1600,1000,964,0.964,4.748,0/82,0
1600,1000,976,0.976,4.816,0/83,0
1600,1000,976,0.976,4.761,0/83,0
1600,1000,964,0.964,4.75,0/82,0
1600,1000,976,0.976,4.875,0/83,0
1600,1000,964,0.964,4.751,0/82,0
1600,1000,976,0.976,4.74,0/83,0
1600,1000,976,0.976,3.908,11/94,12
1600,1000,964,0.964,3.278,55/137,40
1600,1000,976,0.976,20.909,1031/1114,93
1600,1000,964,0.964,4.829,0/82,0
1600,1000,976,0.976,4.748,0/83,0
1600,1000,964,0.964,4.746,0/82,0
1600,1000,976,0.976,4.749,0/83,0
1600,1000,976,0.976,4.748,0/83,0
1600,1000,964,0.964,4.748,0/82,0
1600,1000,976,0.976,4.724,0/83,0
1600,1000,964,0.964,4.762,0/82,0
1600,1000,976,0.976,4.747,0/83,0
1600,1000,964,0.964,4.763,0/82,0
1600,1000,976,0.976,4.751,0/83,0
1600,1000,964,0.964,4.735,0/82,0
1600,1000,964,0.964,3.472,31/113,27
1600,1000,976,0.976,3.382,54/137,39
1600,1000,964,0.964,3.478,53/135,39
1600,1000,976,0.976,3.406,53/136,39
1600,1000,976,0.976,3.289,54/137,39
1600,1000,964,0.964,3.292,53/135,39
1600,1000,976,0.976,3.186,54/137,39
1600,1000,964,0.964,3.35,53/135,39
1600,1000,976,0.976,3.324,53/136,39
1600,1000,976,0.976,3.312,54/137,39
1600,1000,976,0.976,3.511,53/136,39
1600,1000,964,0.964,3.403,53/135,39
1600,1000,976,0.976,3.47,54/137,39
1600,1000,976,0.976,3.276,54/137,39
1600,1000,964,0.964,3.398,52/134,39
1600,1000,976,0.976,3.308,54/137,39
2000,1000,976,0.976,6.223,0/83,0
2000,1000,964,0.964,6.211,0/82,0
2000,1000,976,0.976,6.229,0/83,0
2000,1000,976,0.976,6.218,0/83,0
2000,1000,964,0.964,6.219,0/82,0
2000,1000,976,0.976,6.221,0/83,0
2000,1000,964,0.964,6.216,0/82,0
2000,1000,976,0.976,6.211,0/83,0
2000,1000,976,0.976,6.229,0/83,0
2000,1000,964,0.964,6.219,0/82,0
2000,1000,976,0.976,6.221,0/83,0
2000,1000,964,0.964,6.237,0/82,0
2000,1000,976,0.976,6.217,0/83,0
2000,1000,976,0.976,6.229,0/83,0
2000,1000,964,0.964,6.239,0/82,0
2000,1000,976,0.976,33.055,304/387,79
2000,1000,964,0.964,6.36,0/82,0
2000,1000,976,0.976,6.258,0/83,0
2000,1000,976,0.976,6.22,0/83,0
2000,1000,964,0.964,6.23,0/82,0
2000,1000,976,0.976,6.298,0/83,0
2000,1000,964,0.964,6.228,0/82,0
2000,1000,976,0.976,6.213,0/83,0
2000,1000,976,0.976,6.357,0/83,0
2000,1000,964,0.964,6.219,0/82,0
2000,1000,976,0.976,4.597,5/88,5.7
2000,1000,976,0.976,0.623,88/171,51
2000,1000,964,0.964,1.714,81/163,50
2000,1000,976,0.976,0.532,87/170,51
2000,1000,964,0.964,0.567,87/169,51
2000,1000,976,0.976,0.655,88/171,51
2000,1000,976,0.976,0.774,88/171,51
2000,1000,964,0.964,0.511,86/168,51
2000,1000,976,0.976,0.603,88/171,51
2000,1000,964,0.964,0.694,87/169,51
2000,1000,976,0.976,0.799,88/171,51
2000,1000,976,0.976,0.565,87/170,51
2000,1000,964,0.964,0.637,87/169,51
2000,1000,976,0.976,0.728,88/171,51
2000,1000,964,0.964,0.543,86/168,51
2000,1000,976,0.976,0.576,88/171,51
2000,1000,976,0.976,0.827,88/171,51
2000,1000,964,0.964,0.837,87/169,51
2000,1000,976,0.976,0.522,87/170,51
2000,1000,976,0.976,0.693,88/171,51
2000,1000,964,0.964,0.824,87/169,51
2000,1000,976,0.976,0.556,87/170,51
2000,1000,964,0.964,0.566,87/169,51
2000,1000,976,0.976,0.721,88/171,51
2000,1000,976,0.976,0.754,88/171,51
2000,1000,964,0.964,0.57,86/168,51
2000,1000,976,0.976,1.267,88/171,51
2000,1000,964,0.964,0.767,87/169,51
2000,1000,976,0.976,0.495,87/170,51
2000,1000,976,0.976,0.698,88/171,51
2000,1000,964,0.964,0.884,87/169,51
2000,1000,976,0.976,0.761,90/173,52
2000,1000,976,0.976,0.529,87/170,51
2000,1000,964,0.964,33.015,1666/1748,95
2000,1000,964,0.964,6.358,0/82,0
400,1000,412,0.412,0.174,0/35,0
400,1000,400,0.4,0.216,0/34,0
400,1000,400,0.4,0.154,0/34,0
400,1000,400,0.4,0.165,0/34,0
400,1000,400,0.4,0.123,0/34,0
400,1000,400,0.4,0.178,0/34,0
400,1000,400,0.4,0.149,0/34,0
400,1000,400,0.4,0.148,0/34,0
400,1000,400,0.4,0.167,0/34,0
400,1000,400,0.4,0.136,0/34,0
400,1000,400,0.4,0.105,0/34,0
400,1000,400,0.4,0.101,0/34,0
400,1000,400,0.4,0.146,0/34,0
400,1000,400,0.4,0.119,0/34,0
400,1000,400,0.4,0.149,0/34,0
400,1000,400,0.4,0.183,0/34,0
400,1000,400,0.4,0.115,0/34,0
400,1000,400,0.4,0.121,0/34,0
400,1000,400,0.4,0.182,0/34,0
400,1000,400,0.4,0.12,0/34,0
400,1000,400,0.4,0.191,0/34,0
400,1000,400,0.4,0.14,0/34,0
400,1000,400,0.4,0.15,0/34,0
400,1000,400,0.4,0.151,0/34,0
400,1000,400,0.4,0.037,0/34,0
400,1000,400,0.4,0.12,0/34,0
400,1000,400,0.4,0.165,0/34,0
400,1000,400,0.4,0.195,0/34,0
400,1000,400,0.4,0.132,0/34,0
400,1000,400,0.4,0.193,0/34,0
400,1000,400,0.4,0.159,0/34,0
400,1000,400,0.4,0.188,0/34,0
400,1000,400,0.4,0.146,0/34,0
400,1000,400,0.4,0.159,0/34,0
400,1000,400,0.4,0.208,0/34,0
400,1000,400,0.4,0.152,0/34,0
400,1000,400,0.4,0.118,0/34,0
400,1000,400,0.4,0.197,0/34,0
400,1000,400,0.4,0.131,0/34,0
400,1000,400,0.4,0.092,0/34,0
400,1000,400,0.4,0.174,0/34,0
400,1000,400,0.4,0.152,0/34,0
400,1000,400,0.4,0.15,0/34,0
400,1000,400,0.4,0.199,0/34,0
400,1000,400,0.4,0.196,0/34,0
400,1000,400,0.4,0.159,0/34,0
400,1000,400,0.4,0.136,0/34,0
400,1000,400,0.4,0.126,0/34,0
400,1000,400,0.4,0.152,0/34,0
400,1000,400,0.4,0.138,0/34,0
400,1000,400,0.4,0.189,0/34,0
400,1000,400,0.4,0.147,0/34,0
400,1000,400,0.4,0.187,0/34,0
400,1000,400,0.4,0.208,0/34,0
400,1000,400,0.4,0.24,0/34,0
400,1000,400,0.4,0.14,0/34,0
400,1000,400,0.4,0.109,0/34,0
400,1000,400,0.4,0.098,0/34,0
400,1000,400,0.4,0.207,0/34,0
400,1000,400,0.4,0.128,0/34,0
800,1000,811,0.811,0.146,0/69,0
800,1000,800,0.8,0.123,0/68,0
800,1000,811,0.811,0.161,0/69,0
800,1000,800,0.8,0.17,0/68,0
800,1000,800,0.8,0.191,0/68,0
800,1000,800,0.8,0.161,0/68,0
800,1000,800,0.8,0.154,0/68,0
800,1000,800,0.8,0.169,0/68,0
800,1000,800,0.8,0.187,0/68,0
800,1000,800,0.8,0.144,0/68,0
800,1000,800,0.8,0.167,0/68,0
800,1000,800,0.8,0.263,0/68,0
800,1000,800,0.8,0.163,0/68,0
800,1000,800,0.8,0.196,0/68,0
800,1000,800,0.8,0.145,0/68,0
800,1000,800,0.8,0.124,0/68,0
800,1000,800,0.8,0.127,0/68,0
800,1000,800,0.8,0.164,0/68,0
800,1000,800,0.8,0.167,0/68,0
800,1000,800,0.8,0.172,0/68,0
800,1000,800,0.8,0.186,0/68,0
800,1000,800,0.8,0.203,0/68,0
800,1000,800,0.8,0.12,0/68,0
800,1000,800,0.8,0.181,0/68,0
800,1000,800,0.8,0.144,0/68,0
800,1000,800,0.8,0.181,0/68,0
800,1000,800,0.8,0.145,0/68,0
800,1000,800,0.8,0.247,0/68,0
800,1000,800,0.8,0.144,0/68,0
800,1000,800,0.8,0.133,0/68,0
800,1000,800,0.8,0.185,0/68,0
800,1000,800,0.8,0.126,0/68,0
800,1000,800,0.8,0.183,0/68,0
800,1000,800,0.8,0.164,0/68,0
800,1000,800,0.8,0.162,0/68,0
800,1000,800,0.8,0.206,0/68,0
800,1000,800,0.8,0.151,0/68,0
800,1000,800,0.8,0.146,0/68,0
800,1000,811,0.811,0.197,0/69,0
800,1000,800,0.8,0.159,0/68,0
800,1000,800,0.8,0.191,0/68,0
800,1000,800,0.8,0.161,0/68,0
800,1000,800,0.8,0.165,0/68,0
800,1000,800,0.8,0.178,0/68,0
800,1000,800,0.8,0.188,0/68,0
800,1000,800,0.8,0.195,0/68,0
800,1000,800,0.8,0.164,0/68,0
800,1000,800,0.8,0.206,0/68,0
800,1000,800,0.8,0.181,0/68,0
800,1000,800,0.8,0.187,0/68,0
800,1000,800,0.8,0.128,0/68,0
800,1000,800,0.8,0.19,0/68,0
800,1000,800,0.8,0.172,0/68,0
800,1000,800,0.8,0.17,0/68,0
800,1000,800,0.8,0.245,0/68,0
800,1000,800,0.8,0.221,0/68,0
800,1000,800,0.8,0.142,0/68,0
800,1000,800,0.8,0.217,0/68,0
800,1000,800,0.8,0.141,0/68,0
800,1000,800,0.8,0.155,0/68,0
1200,1000,976,0.976,2.3,0/83,0
1200,1000,964,0.964,2.286,0/82,0
1200,1000,976,0.976,2.291,0/83,0
1200,1000,976,0.976,2.294,0/83,0
1200,1000,964,0.964,2.3,0/82,0
1200,1000,976,0.976,2.306,0/83,0
1200,1000,964,0.964,2.319,0/82,0
1200,1000,976,0.976,2.318,0/83,0
1200,1000,976,0.976,2.31,0/83,0
1200,1000,964,0.964,2.318,0/82,0
1200,1000,976,0.976,2.376,0/83,0
1200,1000,976,0.976,2.3,0/83,0
1200,1000,964,0.964,2.331,0/82,0
1200,1000,976,0.976,2.309,0/83,0
1200,1000,964,0.964,2.294,0/82,0
1200,1000,976,0.976,2.34,0/83,0
1200,1000,976,0.976,2.298,0/83,0
1200,1000,964,0.964,2.299,0/82,0
1200,1000,976,0.976,2.366,0/83,0
1200,1000,964,0.964,2.302,0/82,0
1200,1000,976,0.976,2.3,0/83,0
1200,1000,976,0.976,2.413,0/83,0
1200,1000,964,0.964,2.372,0/82,0
1200,1000,976,0.976,2.307,0/83,0
1200,1000,976,0.976,2.3,0/83,0
1200,1000,964,0.964,2.3,0/82,0
1200,1000,976,0.976,2.267,0/83,0
1200,1000,964,0.964,2.29,0/82,0
1200,1000,976,0.976,2.543,0/83,0
1200,1000,976,0.976,2.302,0/83,0
1200,1000,964,0.964,2.322,0/82,0
1200,1000,976,0.976,2.33,0/83,0
1200,1000,964,0.964,2.311,0/82,0
1200,1000,976,0.976,2.31,0/83,0
1200,1000,976,0.976,2.299,0/83,0
1200,1000,964,0.964,2.343,0/82,0
1200,1000,976,0.976,2.301,0/83,0
1200,1000,964,0.964,2.32,0/82,0
1200,1000,976,0.976,2.311,0/83,0
1200,1000,976,0.976,2.419,0/83,0
1200,1000,964,0.964,2.319,0/82,0
1200,1000,976,0.976,2.384,0/83,0
1200,1000,976,0.976,2.289,0/83,0
1200,1000,964,0.964,2.323,0/82,0
1200,1000,976,0.976,2.299,0/83,0
1200,1000,964,0.964,2.326,0/82,0
1200,1000,976,0.976,2.34,0/83,0
1200,1000,976,0.976,2.279,0/83,0
1200,1000,964,0.964,2.389,0/82,0
1200,1000,976,0.976,2.374,0/83,0
1200,1000,964,0.964,2.296,0/82,0
1200,1000,976,0.976,2.287,0/83,0
1200,1000,976,0.976,2.338,0/83,0
1200,1000,976,0.976,2.302,0/83,0
1200,1000,964,0.964,2.297,0/82,0
1200,1000,976,0.976,4.717,693/776,89
1200,1000,964,0.964,2.306,0/82,0
1200,1000,976,0.976,2.395,0/83,0
1200,1000,964,0.964,2.319,0/82,0
1200,1000,976,0.976,2.314,0/83,0
1600,1000,976,0.976,4.738,0/83,0
1600,1000,976,0.976,4.751,0/83,0
1600,1000,964,0.964,4.749,0/82,0
1600,1000,976,0.976,4.757,0/83,0
1600,1000,964,0.964,4.756,0/82,0
1600,1000,976,0.976,4.75,0/83,0
1600,1000,976,0.976,4.759,0/83,0
1600,1000,964,0.964,4.766,0/82,0
1600,1000,976,0.976,4.746,0/83,0
1600,1000,964,0.964,4.754,0/82,0
1600,1000,976,0.976,4.745,0/83,0
1600,1000,976,0.976,4.75,0/83,0
1600,1000,964,0.964,4.764,0/82,0
1600,1000,976,0.976,4.755,0/83,0
1600,1000,964,0.964,4.747,0/82,0
1600,1000,976,0.976,4.767,0/83,0
1600,1000,976,0.976,4.749,0/83,0
1600,1000,964,0.964,4.763,0/82,0
1600,1000,976,0.976,4.772,0/83,0
1600,1000,964,0.964,4.759,0/82,0
1600,1000,976,0.976,4.757,0/83,0
1600,1000,964,0.964,4.801,0/82,0
1600,1000,976,0.976,4.734,0/83,0
1600,1000,976,0.976,4.757,0/83,0
1600,1000,964,0.964,4.823,0/82,0
1600,1000,976,0.976,4.748,0/83,0
1600,1000,976,0.976,4.18,8/91,8.8
1600,1000,964,0.964,3.616,53/135,39
1600,1000,976,0.976,3.323,54/137,39
1600,1000,964,0.964,3.328,53/135,39
1600,1000,976,0.976,3.326,53/136,39
1600,1000,976,0.976,3.28,54/137,39
1600,1000,964,0.964,3.418,52/134,39
1600,1000,976,0.976,3.427,54/137,39
1600,1000,976,0.976,3.599,54/137,39
1600,1000,964,0.964,3.285,53/135,39
1600,1000,976,0.976,3.406,53/136,39
1600,1000,976,0.976,3.318,54/137,39
1600,1000,964,0.964,3.283,53/135,39
1600,1000,976,0.976,3.357,53/136,39
1600,1000,964,0.964,3.357,53/135,39
1600,1000,976,0.976,3.385,54/137,39
1600,1000,976,0.976,3.398,53/136,39
1600,1000,964,0.964,3.447,53/135,39
1600,1000,976,0.976,3.083,54/137,39
1600,1000,964,0.964,3.35,53/135,39
1600,1000,976,0.976,3.298,54/137,39
1600,1000,976,0.976,3.385,53/136,39
1600,1000,964,0.964,3.422,53/135,39
1600,1000,976,0.976,3.268,54/137,39
1600,1000,964,0.964,3.366,53/135,39
1600,1000,976,0.976,3.485,53/136,39
1600,1000,976,0.976,3.398,54/137,39
1600,1000,964,0.964,3.034,53/135,39
1600,1000,976,0.976,3.247,53/136,39
1600,1000,976,0.976,3.133,54/137,39
1600,1000,964,0.964,3.127,53/135,39
1600,1000,976,0.976,3.279,54/137,39
1600,1000,964,0.964,3.42,52/134,39
1600,1000,800,0.8,3.812,44/112,39
2000,1000,976,0.976,6.214,0/83,0
2000,1000,976,0.976,6.219,0/83,0
2000,1000,964,0.964,6.23,0/82,0
2000,1000,976,0.976,6.22,0/83,0
2000,1000,964,0.964,6.225,0/82,0
2000,1000,976,0.976,6.217,0/83,0
2000,1000,976,0.976,6.233,0/83,0
2000,1000,964,0.964,6.231,0/82,0
2000,1000,976,0.976,6.225,0/83,0
2000,1000,964,0.964,6.228,0/82,0
2000,1000,976,0.976,6.246,0/83,0
2000,1000,976,0.976,6.227,0/83,0
2000,1000,964,0.964,6.22,0/82,0
2000,1000,976,0.976,6.28,0/83,0
2000,1000,964,0.964,6.223,0/82,0
2000,1000,976,0.976,6.254,0/83,0
2000,1000,976,0.976,6.291,0/83,0
2000,1000,964,0.964,6.224,0/82,0
2000,1000,976,0.976,6.228,0/83,0
2000,1000,964,0.964,1.603,39/121,32
2000,1000,976,0.976,1.289,89/172,52
2000,1000,976,0.976,1.227,90/173,52
2000,1000,964,0.964,527.393,1714/1796,95
2000,1000,976,0.976,8.687,0/83,0
2000,1000,964,0.964,6.232,0/82,0
2000,1000,976,0.976,6.204,0/83,0
2000,1000,964,0.964,6.219,0/82,0
2000,1000,976,0.976,6.221,0/83,0
2000,1000,976,0.976,6.209,0/83,0
2000,1000,964,0.964,6.219,0/82,0
2000,1000,976,0.976,6.207,0/83,0
2000,1000,976,0.976,6.229,0/83,0
2000,1000,964,0.964,6.21,0/82,0
2000,1000,976,0.976,6.204,0/83,0
2000,1000,964,0.964,6.212,0/82,0
2000,1000,976,0.976,6.222,0/83,0
2000,1000,964,0.964,6.224,0/82,0
2000,1000,976,0.976,6.211,0/83,0
2000,1000,976,0.976,1.629,29/112,26
2000,1000,964,0.964,0.733,87/169,51
2000,1000,976,0.976,0.754,88/171,51
2000,1000,964,0.964,0.591,86/168,51
2000,1000,976,0.976,0.581,88/171,51
2000,1000,976,0.976,0.69,88/171,51
2000,1000,964,0.964,0.585,86/168,51
2000,1000,976,0.976,0.552,88/171,51
2000,1000,976,0.976,0.622,88/171,51
2000,1000,964,0.964,0.871,87/169,51
2000,1000,976,0.976,0.703,87/170,51
2000,1000,964,0.964,0.585,87/169,51
2000,1000,976,0.976,0.674,88/171,51
2000,1000,976,0.976,0.771,88/171,51
2000,1000,964,0.964,0.529,86/168,51
2000,1000,976,0.976,0.611,88/171,51
2000,1000,964,0.964,0.732,87/169,51
2000,1000,976,0.976,0.508,87/170,51
2000,1000,976,0.976,0.585,88/171,51
2000,1000,964,0.964,0.701,87/169,51
2000,1000,976,0.976,0.804,88/171,51
2000,1000,976,0.976,0.523,87/170,51
